Timestamp,Burst Size,Squished
0.013305902481079102,1,False
0.014241933822631836,2,False
0.014628887176513672,2,False
0.03602480888366699,1,False
0.037149906158447266,2,False
0.037184953689575195,2,False
0.03897714614868164,3,False
0.040103912353515625,3,False
0.05659604072570801,1,False
0.05802202224731445,2,False
0.05806589126586914,2,False
0.05938005447387695,3,False
0.07466292381286621,1,False
0.07703781127929688,2,False
0.07707595825195312,2,False
0.08258318901062012,3,False
0.0826268196105957,3,False
0.24213004112243652,1,False
0.25217199325561523,2,False
0.2528247833251953,2,False
0.2557339668273926,3,False
0.2557709217071533,3,False
0.25650691986083984,3,False
0.2576887607574463,4,False
0.2589728832244873,4,False
0.25914502143859863,4,False
0.2595357894897461,4,False
0.2617158889770508,5,False
0.2617528438568115,5,False
0.2617831230163574,5,False
0.2889409065246582,2,False
0.28943705558776855,2,False
0.29381299018859863,3,False
0.2943739891052246,3,False
0.2951829433441162,3,False
0.29701995849609375,4,False
0.3054070472717285,1,False
0.3064441680908203,2,False
0.3141300678253174,1,False
0.32152891159057617,1,False
0.3295300006866455,1,False
0.3322639465332031,2,False
0.3416440486907959,1,False
0.34256482124328613,2,False
0.34791088104248047,1,False
0.35307908058166504,2,False
0.3614180088043213,1,False
0.3640439510345459,2,False
0.36952710151672363,1,False
0.37589001655578613,1,False
0.38173484802246094,2,False
0.3866260051727295,1,False
0.3916921615600586,1,False
0.3991549015045166,1,False
0.40167689323425293,2,False
0.40599989891052246,1,False
0.4132270812988281,1,False
0.41877293586730957,1,False
0.41960597038269043,2,False
0.41964197158813477,2,False
0.427509069442749,1,False
0.4299168586730957,2,False
0.43948793411254883,1,False
0.44374585151672363,2,False
0.44382596015930176,2,False
0.4462449550628662,3,False
0.44628310203552246,3,False
0.45653796195983887,1,False
0.4603111743927002,2,False
0.4603579044342041,2,False
0.47012901306152344,1,False
0.4755558967590332,2,False
0.47971105575561523,2,False
0.4830920696258545,3,False
0.48374509811401367,3,False
0.495837926864624,1,False
0.49889683723449707,2,False
0.498931884765625,2,False
0.5072400569915771,1,False
0.5086159706115723,2,False
0.5129439830780029,1,False
0.5240027904510498,1,False
0.5254759788513184,2,False
0.5261809825897217,2,False
0.5299789905548096,1,False
0.5357949733734131,1,False
0.5411539077758789,1,False
0.5468149185180664,1,False
0.5532839298248291,1,False
0.5570220947265625,1,False
0.5643610954284668,1,False
0.5683839321136475,1,False
0.5732359886169434,1,False
0.5826067924499512,1,False
0.5834109783172607,2,False
0.5834519863128662,2,False
0.5838558673858643,3,False
0.5924088954925537,1,False
0.595707893371582,1,False
0.5998950004577637,1,False
0.6089978218078613,1,False
0.6098041534423828,2,False
0.6098489761352539,2,False
0.6153769493103027,1,False
0.6200289726257324,1,False
0.6268360614776611,1,False
0.6274950504302979,2,False
0.6312158107757568,1,False
0.6359708309173584,1,False
0.639244794845581,1,False
0.6460380554199219,1,False
0.6471900939941406,2,False
0.6541829109191895,1,False
0.6580288410186768,1,False
0.6617228984832764,1,False
0.6659159660339355,1,False
0.6706340312957764,1,False
0.6882140636444092,1,True
0.7055809497833252,1,True
0.7270910739898682,1,True
0.7281978130340576,2,True
0.7479109764099121,1,True
0.7697238922119141,1,True
0.7925608158111572,1,True
0.7978827953338623,2,True
0.8170387744903564,1,True
0.8362119197845459,1,True
0.8536138534545898,1,True
0.8860988616943359,1,True
0.8869419097900391,2,True
0.9055049419403076,1,True
0.9237909317016602,1,True
0.9422290325164795,1,True
0.9621608257293701,1,True
0.9795238971710205,1,True
0.9977250099182129,1,True
0.9983479976654053,2,True
1.0164828300476074,1,True
1.0328128337860107,1,True
1.0555658340454102,1,True
1.072512149810791,1,True
1.0936188697814941,1,True
1.0952448844909668,2,True
1.0980041027069092,1,True
1.1148340702056885,1,True
1.132110834121704,1,True
1.1487560272216797,1,True
1.165910005569458,1,True
1.1832058429718018,1,True
1.2015738487243652,1,True
1.2190868854522705,1,True
1.2368550300598145,1,True
1.2544567584991455,1,True
1.2730388641357422,1,True
1.2917687892913818,1,True
1.310926914215088,1,True
1.3300178050994873,1,True
1.3471598625183105,1,True
1.3686769008636475,1,True
1.387943983078003,1,True
1.4097490310668945,1,True
1.4136879444122314,2,True
1.4301121234893799,1,True
1.4465837478637695,1,True
1.46321702003479,1,True
1.4809789657592773,1,True
1.5352659225463867,1,True
1.536463975906372,2,True
1.5365400314331055,2,True
1.5525188446044922,1,True
1.571767807006836,1,True
1.5923547744750977,1,True
1.6102468967437744,1,True
1.6275358200073242,1,True
1.64786696434021,1,True
1.6660287380218506,1,True
1.6854090690612793,1,True
1.704237937927246,1,True
1.704514741897583,2,True
1.7214620113372803,1,True
1.7393238544464111,1,True
1.7557828426361084,1,True
1.7742059230804443,1,True
1.7922959327697754,1,True
1.809126853942871,1,True
1.825618028640747,1,True
1.8438849449157715,1,True
1.8617208003997803,1,True
1.8793258666992188,1,True
1.896589756011963,1,True
1.913315773010254,1,True
1.9316160678863525,1,True
1.9480268955230713,1,True
1.9681439399719238,1,True
1.9832839965820312,1,True
2.0009260177612305,1,True
2.0193159580230713,1,True
2.036076784133911,1,True
2.0536551475524902,1,True
2.0713610649108887,1,True
2.0878400802612305,1,True
2.108940839767456,1,True
2.1276848316192627,1,True
2.1495628356933594,1,True
2.14998197555542,2,True
2.1679699420928955,1,True
2.1850907802581787,1,False
2.2020177841186523,1,True
2.2186031341552734,1,True
2.237138032913208,1,True
2.2539117336273193,1,True
2.2717208862304688,1,True
2.288815975189209,1,True
2.3061389923095703,1,True
2.3238790035247803,1,True
2.342660903930664,1,True
2.362973928451538,1,True
2.379956007003784,1,True
2.398289918899536,1,True
2.4174458980560303,1,True
2.418520927429199,2,True
2.4361491203308105,1,True
2.4548308849334717,1,True
2.4715211391448975,1,True
2.488536834716797,1,True
2.5064027309417725,1,True
2.5227320194244385,1,True
2.541431188583374,1,True
2.557649850845337,1,True
2.5756869316101074,1,True
2.5946948528289795,1,True
2.6121389865875244,1,True
2.6297338008880615,1,True
2.653862953186035,1,True
2.6651248931884766,1,True
2.6838648319244385,1,True
2.7044029235839844,1,True
2.7047178745269775,2,True
2.7218329906463623,1,True
2.7390708923339844,1,True
2.7557687759399414,1,True
2.77319598197937,1,True
2.791630983352661,1,True
2.808687925338745,1,True
2.8261468410491943,1,True
2.8433637619018555,1,True
2.863431930541992,1,True
2.8800039291381836,1,True
2.9267568588256836,1,True
2.9279658794403076,2,True
2.971554756164551,1,True
2.9877498149871826,1,True
3.0068130493164062,1,True
3.0260448455810547,1,True
3.0268821716308594,2,True
3.053679943084717,1,True
3.055415153503418,2,True
3.055457830429077,2,True
3.078057050704956,1,True
3.107473850250244,1,True
3.114501953125,1,True
3.1326379776000977,1,True
3.1528398990631104,1,True
3.1719839572906494,1,True
3.191602945327759,1,True
3.2132937908172607,1,True
3.214115858078003,2,True
3.236891984939575,1,True
3.2535109519958496,1,True
3.271916151046753,1,True
3.2885489463806152,1,True
3.305666923522949,1,True
3.327381134033203,1,True
3.344407796859741,1,True
3.3614537715911865,1,True
3.3801798820495605,1,True
3.396005868911743,1,True
3.4135351181030273,1,True
3.4356329441070557,1,True
3.4537570476531982,1,True
3.4726369380950928,1,True
3.474179983139038,2,True
3.4915640354156494,1,True
3.507769823074341,1,True
3.525390863418579,1,True
3.541902780532837,1,True
3.559739828109741,1,True
3.5782690048217773,1,True
3.597028970718384,1,True
3.6164469718933105,1,True
3.6335690021514893,1,True
3.6531548500061035,1,True
3.6685760021209717,1,True
3.6871261596679688,1,True
3.7038509845733643,1,True
3.7226288318634033,1,True
3.7231040000915527,2,False
3.7414779663085938,1,True
3.7590038776397705,1,True
3.7773587703704834,1,True
3.7947490215301514,1,True
3.816457986831665,1,True
3.8170387744903564,2,True
3.833587884902954,1,True
3.852590799331665,1,True
3.870676040649414,1,True
3.8881590366363525,1,True
3.906497001647949,1,True
3.9241859912872314,1,True
3.9410879611968994,1,True
3.9585537910461426,1,True
3.9759340286254883,1,True
3.9965059757232666,1,True
4.013937950134277,1,True
4.034326076507568,1,True
4.0532097816467285,1,True
4.070514917373657,1,True
4.088159084320068,1,True
4.105357885360718,1,True
4.1248557567596436,1,True
4.143833875656128,1,True
4.164056777954102,1,True
4.188030004501343,1,True
4.188400983810425,2,True
4.206161975860596,1,True
4.22365403175354,1,True
4.2411510944366455,1,True
4.25901198387146,1,True
4.275781869888306,1,True
4.2943010330200195,1,True
4.313623905181885,1,True
4.333448886871338,1,True
4.3538031578063965,1,True
4.367902994155884,1,True
4.38633394241333,1,True
4.386936902999878,2,True
4.405569076538086,1,True
4.424163818359375,1,True
4.442323923110962,1,True
4.462639808654785,1,True
4.482576847076416,1,True
4.499575138092041,1,True
4.562053918838501,1,True
4.562516927719116,2,True
4.562733888626099,2,True
4.563337087631226,3,True
4.563372850418091,3,True
4.57951807975769,1,True
4.6015098094940186,1,True
4.60179591178894,2,True
4.619364976882935,1,True
4.635519027709961,1,True
4.654186010360718,1,True
4.6704888343811035,1,True
4.689400911331177,1,True
4.689704895019531,2,True
4.707839012145996,1,True
4.726848125457764,1,True
4.745890855789185,1,True
4.76212477684021,1,True
4.779037952423096,1,True
4.796391010284424,1,True
4.815513849258423,1,True
4.83328104019165,1,True
4.850048065185547,1,True
4.869762897491455,1,True
4.887075901031494,1,True
4.905691862106323,1,True
4.9234020709991455,1,True
4.941900730133057,1,True
4.958858013153076,1,True
4.976202011108398,1,True
4.9946699142456055,1,True
5.01247501373291,1,True
5.0293378829956055,1,True
5.047369956970215,1,True
5.0654520988464355,1,True
5.083050012588501,1,True
5.100194931030273,1,True
5.119727849960327,1,True
5.1360180377960205,1,True
5.153836727142334,1,True
5.1722798347473145,1,True
5.18927788734436,1,True
5.205833911895752,1,True
5.22531795501709,1,True
5.244272947311401,1,True
5.24542498588562,2,True
5.262948989868164,1,True
5.282455921173096,1,False
5.282845973968506,2,False
5.286020994186401,1,False
5.28728985786438,2,False
5.287328004837036,2,False
5.287869930267334,3,False
5.287906885147095,3,False
5.287935972213745,3,False
5.288397789001465,4,False
5.288484811782837,4,False
5.288519859313965,4,False
5.28854775428772,4,False
5.2898478507995605,5,False
5.289896011352539,5,False
5.289927005767822,5,False
5.2900660037994385,5,False
5.308934926986694,1,True
5.32579493522644,1,True
5.347397804260254,1,True
5.366024017333984,1,True
5.366323947906494,2,True
5.366451025009155,2,True
5.385349988937378,1,True
5.402583122253418,1,True
5.421199798583984,1,True
5.441499948501587,1,True
5.459049940109253,1,True
5.475790977478027,1,True
5.497545957565308,1,True
5.515611886978149,1,True
5.534465074539185,1,True
5.5521509647369385,1,True
5.569538831710815,1,True
5.588638067245483,1,True
5.614882946014404,1,True
5.615891933441162,2,True
5.615942001342773,2,True
5.638965129852295,1,True
5.639290809631348,2,True
5.65565299987793,1,True
5.6738739013671875,1,True
5.69144606590271,1,True
5.711910009384155,1,True
5.715632915496826,2,True
5.731543779373169,1,True
5.749474763870239,1,True
5.766250133514404,1,True
5.784626007080078,1,True
5.8018341064453125,1,True
5.819185972213745,1,True
5.8357789516448975,1,True
5.853170871734619,1,True
5.8702521324157715,1,True
5.88692307472229,1,True
5.905282020568848,1,True
5.921878099441528,1,True
5.938506126403809,1,True
5.956043004989624,1,True
5.973948955535889,1,True
6.024886131286621,1,True
6.029007911682129,2,True
6.029210805892944,2,True
6.046526908874512,1,True
6.065559148788452,1,True
6.090590000152588,1,True
6.0911970138549805,2,True
6.091233015060425,2,True
6.108558893203735,1,True
6.127113103866577,1,True
6.144392013549805,1,True
6.161520004272461,1,True
6.179836988449097,1,True
6.198147773742676,1,True
6.218882083892822,1,True
6.236319065093994,1,True
6.255844831466675,1,True
6.27557897567749,1,True
6.298662900924683,1,True
6.317111015319824,1,True
6.341239929199219,1,True
6.358525037765503,1,True
6.37589693069458,1,True
6.3961780071258545,1,True
6.4137489795684814,1,True
6.433773756027222,1,True
6.452439069747925,1,True
6.470108985900879,1,True
6.487096786499023,1,True
6.504100799560547,1,True
6.522162914276123,1,True
6.538648843765259,1,True
6.555634021759033,1,True
6.572981119155884,1,True
6.589818000793457,1,True
6.60721492767334,1,True
6.624493837356567,1,True
6.647686004638672,1,True
6.649069786071777,2,True
6.672780752182007,1,True
6.688679933547974,1,True
6.705722808837891,1,True
6.724416971206665,1,True
6.742594957351685,1,True
6.761277914047241,1,True
6.785005807876587,1,False
6.785900115966797,2,False
6.785935878753662,2,False
6.786334991455078,3,False
6.786370754241943,3,False
6.804013967514038,1,True
6.821400880813599,1,True
6.839331865310669,1,True
6.856823921203613,1,True
6.872792959213257,1,True
6.890152931213379,1,True
6.908460855484009,1,True
6.926085948944092,1,True
6.946337938308716,1,True
6.973873853683472,1,True
6.974194049835205,2,True
6.996930837631226,1,True
7.014045000076294,1,True
7.037811994552612,1,True
7.038103818893433,2,True
7.058530807495117,1,True
7.058804988861084,2,True
7.077054023742676,1,True
7.093794822692871,1,True
7.114418983459473,1,True
7.128485918045044,1,True
7.145745038986206,1,True
7.165492057800293,1,True
7.182486057281494,1,True
7.201871871948242,1,True
7.229811906814575,1,True
7.23575496673584,1,True
7.255567789077759,1,True
7.255896806716919,2,True
7.272747039794922,1,True
7.292108774185181,1,True
7.309062957763672,1,True
7.3296709060668945,1,True
7.331640958786011,2,True
7.348439931869507,1,True
7.364836931228638,1,True
7.38231086730957,1,True
7.399932861328125,1,True
7.402135133743286,1,True
7.421357870101929,1,True
7.43979287147522,1,True
7.457485914230347,1,True
7.4757561683654785,1,True
7.493611097335815,1,True
7.512938022613525,1,True
7.57276177406311,1,True
7.583299875259399,2,True
7.58334493637085,2,True
7.602993965148926,1,True
7.621696949005127,1,True
7.640305995941162,1,True
7.656605005264282,1,True
7.675656080245972,1,True
7.693904876708984,1,True
7.713288068771362,1,True
7.728815793991089,1,True
7.749146938323975,1,True
7.766762971878052,1,True
7.785569906234741,1,True
7.802155017852783,1,True
7.822297811508179,1,True
7.822625160217285,2,True
7.843724012374878,1,True
7.863387823104858,1,True
7.8801820278167725,1,True
7.897392988204956,1,True
7.913783073425293,1,True
7.9341020584106445,1,True
7.934759855270386,2,True
7.965412855148315,1,True
7.982661962509155,1,True
8.002326011657715,1,True
8.01994800567627,1,True
8.037599086761475,1,True
8.054162979125977,1,True
8.070915937423706,1,True
8.088669061660767,1,True
8.107038974761963,1,True
8.124170064926147,1,True
8.140585899353027,1,True
8.158866882324219,1,True
8.175950765609741,1,True
8.193863868713379,1,True
8.209925889968872,1,True
8.230282068252563,1,True
8.250233888626099,1,True
8.250900983810425,2,True
8.271399974822998,1,False
8.271960973739624,2,False
8.271996021270752,2,False
8.272271871566772,3,False
8.28861403465271,1,True
8.308403015136719,1,True
8.32463002204895,1,True
8.343490839004517,1,True
8.343970775604248,2,True
8.362791061401367,1,True
8.383250951766968,1,True
8.403907775878906,1,True
8.422513961791992,1,True
8.44004201889038,1,True
8.458913803100586,1,True
8.476261854171753,1,True
8.493937969207764,1,True
8.511966943740845,1,True
8.527679920196533,1,True
8.545849800109863,1,True
8.566359758377075,1,True
8.585821866989136,1,True
8.603295087814331,1,True
8.622473955154419,1,True
8.646358013153076,1,True
8.647061109542847,2,True
8.664287090301514,1,True
8.682899951934814,1,True
8.700552940368652,1,True
8.717553853988647,1,True
8.757209777832031,1,True
8.757575988769531,2,True
8.77587103843689,1,True
8.796128988265991,1,True
8.815767049789429,1,True
8.816033124923706,2,True
8.834017753601074,1,True
8.854586839675903,1,True
8.871876955032349,1,True
8.891016960144043,1,True
8.907547950744629,1,True
8.92943787574768,1,True
8.929862976074219,2,True
8.947780847549438,1,True
8.966119050979614,1,True
8.982563972473145,1,True
9.002203941345215,1,True
9.018505096435547,1,True
9.037040948867798,1,True
9.055904150009155,1,True
9.056189060211182,2,True
9.073041915893555,1,True
9.092345952987671,1,True
9.093163013458252,2,True
9.114145040512085,1,True
9.11459994316101,2,True
9.13187313079834,1,True
9.150562763214111,1,True
9.171026945114136,1,True
9.172578811645508,2,True
9.19019079208374,1,True
9.190474033355713,2,True
9.209613800048828,1,True
9.226363897323608,1,True
9.24419093132019,1,True
9.262028932571411,1,True
9.281185865402222,1,True
9.298866033554077,1,True
9.339049100875854,1,True
9.341279983520508,2,True
9.356880903244019,1,True
9.374727964401245,1,True
9.392199039459229,1,True
9.409974098205566,1,True
9.410295009613037,2,True
9.43174409866333,1,True
9.43215274810791,2,True
9.449134826660156,1,True
9.467950820922852,1,True
9.483783960342407,1,True
9.502281904220581,1,True
9.52152705192566,1,True
9.538925886154175,1,True
9.558387994766235,1,True
9.55863881111145,2,True
9.578252792358398,1,True
9.578994035720825,2,True
9.59635591506958,1,True
9.613867998123169,1,False
9.632515907287598,1,True
9.648616075515747,1,True
9.666610956192017,1,True
9.683634042739868,1,True
9.701205968856812,1,True
9.717907905578613,1,True
9.735504865646362,1,True
9.752376794815063,1,True
9.7704017162323,1,True
9.793429136276245,1,True
9.809170961380005,1,True
9.826188802719116,1,True
9.842442989349365,1,True
9.859901905059814,1,True
9.879880905151367,1,True
9.882004976272583,2,True
9.899312019348145,1,True
9.921319007873535,1,True
9.921628952026367,2,True
9.940396785736084,1,True
9.957458972930908,1,True
9.985764980316162,1,True
9.99289608001709,1,True
10.014506101608276,1,True
10.036940097808838,1,True
10.050333023071289,1,True
10.068341970443726,1,True
10.085777997970581,1,True
10.10371994972229,1,True
10.121403932571411,1,True
10.139667987823486,1,True
10.157445907592773,1,True
10.176161050796509,1,True
10.193281173706055,1,True
10.214602947235107,1,True
10.22777509689331,1,True
10.245926856994629,1,True
10.26425814628601,1,True
10.282151937484741,1,True
10.300220966339111,1,True
10.316995859146118,1,True
10.333776950836182,1,True
10.351776123046875,1,True
10.372054100036621,1,True
10.386543989181519,1,True
10.407099962234497,1,True
10.459928750991821,1,True
10.469696044921875,2,True
10.469974040985107,2,True
10.492290735244751,1,True
10.493168830871582,2,True
10.513068914413452,1,True
10.533260822296143,1,True
10.551788091659546,1,True
10.57349681854248,1,True
10.573821067810059,2,True
10.602535009384155,1,True
10.621490001678467,1,True
10.6217679977417,2,True
10.638958930969238,1,True
10.658945083618164,1,True
10.65921688079834,2,True
10.676285028457642,1,True
10.693066120147705,1,True
10.712358951568604,1,True
10.73207402229309,1,True
10.745914936065674,1,True
10.763873100280762,1,True
10.784883975982666,1,True
10.802794933319092,1,True
10.803419828414917,2,True
10.82634711265564,1,True
10.82881784439087,1,True
10.82922101020813,2,True
10.845855951309204,1,True
10.862872838973999,1,True
10.883543729782104,1,True
10.902670860290527,1,True
10.90379810333252,2,True
10.921794891357422,1,True
10.938055992126465,1,True
10.955599784851074,1,True
10.971779823303223,1,True
10.989696025848389,1,True
11.007306098937988,1,True
11.007529973983765,2,False
11.025681972503662,1,True
11.043266773223877,1,True
11.06135892868042,1,True
11.079205989837646,1,True
11.096449136734009,1,True
11.116804838180542,1,True
11.1336190700531,1,True
11.152169942855835,1,True
11.169151067733765,1,True
11.185992002487183,1,True
11.203719854354858,1,True
11.222132921218872,1,True
11.238378047943115,1,True
11.25583291053772,1,True
11.274114847183228,1,True
11.290417909622192,1,True
11.30770206451416,1,True
11.325942993164062,1,True
11.34465217590332,1,True
11.370182991027832,1,True
11.387180089950562,1,True
11.403945922851562,1,True
11.422590017318726,1,True
11.439724922180176,1,True
11.457222938537598,1,True
11.47487187385559,1,True
11.492238998413086,1,True
11.514708042144775,1,True
11.533014059066772,1,True
11.551867961883545,1,True
11.5693199634552,1,True
11.587895154953003,1,True
11.588185787200928,2,True
11.604798078536987,1,True
11.62331485748291,1,True
11.641376972198486,1,True
11.659071922302246,1,True
11.676285028457642,1,True
11.698697090148926,1,True
11.699558019638062,2,True
11.699831008911133,2,True
11.717280149459839,1,True
11.733829975128174,1,True
11.752501964569092,1,True
11.768692970275879,1,True
11.806465148925781,1,True
11.809666156768799,2,True
11.82563304901123,1,True
11.846828937530518,1,True
11.867708921432495,1,True
11.869771003723145,2,True
11.8856840133667,1,True
11.905608892440796,1,True
11.906009912490845,2,True
11.925603866577148,1,True
11.925843000411987,2,True
11.942857027053833,1,True
12.00045895576477,1,True
12.001742839813232,2,True
12.02060604095459,1,True
12.038766860961914,1,True
12.056121826171875,1,True
12.072633981704712,1,True
12.093342065811157,1,True
12.108603954315186,1,True
12.127290964126587,1,True
12.127596139907837,2,True
12.146909952163696,1,True
12.167312860488892,1,True
12.184676885604858,1,True
12.201987981796265,1,True
12.233616828918457,1,True
12.244574069976807,1,True
12.267011880874634,1,True
12.283982992172241,1,True
12.30147099494934,1,True
12.321522951126099,1,True
12.338213920593262,1,True
12.355888843536377,1,True
12.372556924819946,1,True
12.389527082443237,1,True
12.409364938735962,1,True
12.42593002319336,1,True
12.445655107498169,1,True
12.464392900466919,1,True
12.482090950012207,1,True
12.50035309791565,1,True
12.517208814620972,1,True
12.536292791366577,1,True
12.554263830184937,1,True
12.571969985961914,1,True
12.590368032455444,1,False
12.607794046401978,1,True
12.626281976699829,1,True
12.645710945129395,1,True
12.661772012710571,1,True
12.679152011871338,1,True
12.698067903518677,1,True
12.71895980834961,1,True
12.719291925430298,2,True
12.736135005950928,1,True
12.753889799118042,1,True
12.774646997451782,1,True
12.775197982788086,2,True
12.792497873306274,1,True
12.81023907661438,1,True
12.828139066696167,1,True
12.846138954162598,1,True
12.86704683303833,1,True
12.883458852767944,1,True
12.90212106704712,1,True
12.917585849761963,1,True
12.935619831085205,1,True
12.954524993896484,1,True
12.973090887069702,1,True
12.989428997039795,1,True
13.007109880447388,1,True
13.0260648727417,1,True
13.044397830963135,1,True
13.063138961791992,1,True
13.079255819320679,1,True
13.09598183631897,1,True
13.112812042236328,1,True
13.131005048751831,1,True
13.14870309829712,1,True
13.168104887008667,1,True
13.200523138046265,1,True
13.20200777053833,2,True
13.246506929397583,1,True
13.247936964035034,2,True
13.281963109970093,1,True
13.283046960830688,2,True
13.283309936523438,2,True
13.28428602218628,3,True
13.302327156066895,1,True
13.322714805603027,1,True
13.339748859405518,1,True
13.340063095092773,2,True
13.358373880386353,1,True
13.396247863769531,1,True
13.424635887145996,2,True
13.42770791053772,1,True
13.45703673362732,1,True
13.473830938339233,1,True
13.492004871368408,1,True
13.508842945098877,1,True
13.525754928588867,1,True
13.543279886245728,1,True
13.560117959976196,1,True
13.57731008529663,1,True
13.594960927963257,1,True
13.613295793533325,1,True
13.63141679763794,1,True
13.64891505241394,1,True
13.6685950756073,1,True
13.684748888015747,1,True
13.703011989593506,1,True
13.721871852874756,1,True
13.74161696434021,1,True
13.759468078613281,1,True
13.75980806350708,2,True
13.75984001159668,2,True
13.777514934539795,1,True
13.79570484161377,1,True
13.797460079193115,1,True
13.814701795578003,1,True
13.833023071289062,1,True
13.851052045822144,1,True
13.868448972702026,1,True
13.886059999465942,1,True
13.903759956359863,1,True
13.920334815979004,1,True
13.938007116317749,1,True
13.95871376991272,1,True
13.97638201713562,1,True
13.999260902404785,1,True
13.99981689453125,2,True
14.016662120819092,1,True
14.034490823745728,1,True
14.05600094795227,1,False
14.073662996292114,1,True
14.094403982162476,1,True
14.114851951599121,1,True
14.132596969604492,1,True
14.153968811035156,1,True
14.154497146606445,2,True
14.173495769500732,1,True
14.191543817520142,1,True
14.234135150909424,1,True
14.250184059143066,1,True
14.268193006515503,1,True
14.28471302986145,1,True
14.302966117858887,1,True
14.32043194770813,1,True
14.338314056396484,1,True
14.355856895446777,1,True
14.375606060028076,1,True
14.391523838043213,1,True
14.40989899635315,1,True
14.42966890335083,1,True
14.448975801467896,1,True
14.46592116355896,1,True
14.482752084732056,1,True
14.501805782318115,1,True
14.51831603050232,1,True
14.535043954849243,1,True
14.552552938461304,1,True
14.569369792938232,1,True
14.586114883422852,1,True
14.603316068649292,1,True
14.620501041412354,1,True
14.637435913085938,1,True
14.65433406829834,1,True
14.671814918518066,1,True
14.689574956893921,1,True
14.70677399635315,1,True
14.728287935256958,1,True
14.728807926177979,2,True
14.749330043792725,1,True
14.749729871749878,2,True
14.768383026123047,1,True
14.787132024765015,1,True
14.803906917572021,1,True
14.821540832519531,1,True
14.84193205833435,1,True
14.857065916061401,1,True
14.894073963165283,1,True
14.895704746246338,2,True
14.916531085968018,1,True
14.934398889541626,1,True
14.959980010986328,1,True
14.98039984703064,1,True
14.982152938842773,2,True
14.998978853225708,1,True
15.01604676246643,1,True
15.032727003097534,1,True
15.050199747085571,1,True
15.06813383102417,1,True
15.086392879486084,1,True
15.107355833053589,1,True
15.107630968093872,2,True
15.126528024673462,1,True
15.143817901611328,1,True
15.164204835891724,1,True
15.183797121047974,1,True
15.20186710357666,1,True
15.21878981590271,1,True
15.239276885986328,1,True
15.25736403465271,1,True
15.274677991867065,1,True
15.292274951934814,1,True
15.309274911880493,1,True
15.32654595375061,1,True
15.346345901489258,1,True
15.347497940063477,2,True
15.36426305770874,1,True
15.383511781692505,1,True
15.383770942687988,2,True
15.40191102027893,1,True
15.419152021408081,1,True
15.438305139541626,1,True
15.456600904464722,1,True
15.477492094039917,1,True
15.47789192199707,2,True
15.494976043701172,1,True
15.511682748794556,1,True
15.530292987823486,1,True
15.548198938369751,1,True
15.566187143325806,1,True
15.585983037948608,1,False
15.586463928222656,2,False
15.58741307258606,2,False
15.588176012039185,3,False
15.588457107543945,3,False
15.588503122329712,3,False
15.606039047241211,1,True
15.624974966049194,1,True
15.625632047653198,2,True
15.641716957092285,1,True
15.660480976104736,1,True
15.6769118309021,1,True
15.695755004882812,1,True
15.71308708190918,1,True
15.733585834503174,1,True
15.752975940704346,1,True
15.7686128616333,1,True
15.786494016647339,1,True
15.804646015167236,1,True
15.825698852539062,1,True
15.84379506111145,1,True
15.862908840179443,1,True
15.880505800247192,1,True
15.9027259349823,1,True
15.922683954238892,1,True
15.942528009414673,1,True
15.96480107307434,1,True
15.98344612121582,1,True
16.00171184539795,1,True
16.01916193962097,1,True
16.03608202934265,1,True
16.05339813232422,1,True
16.07143998146057,1,True
16.08791208267212,1,True
16.106205940246582,1,True
16.12469792366028,1,True
16.141949892044067,1,True
16.160470962524414,1,True
16.17944097518921,1,True
16.196753978729248,1,True
16.21441388130188,1,True
16.26214599609375,1,True
16.263689041137695,2,True
16.28599786758423,1,True
16.288424968719482,2,True
16.302681922912598,1,True
16.31976294517517,1,True
16.336758136749268,1,True
16.355044841766357,1,True
16.371639013290405,1,True
16.38909602165222,1,True
16.40626311302185,1,True
16.42494297027588,1,True
16.441728115081787,1,True
16.459030151367188,1,True
16.476292848587036,1,True
16.525434970855713,1,True
16.52874183654785,2,True
16.52878189086914,2,True
16.549312114715576,1,True
16.565840005874634,1,True
16.583719968795776,1,True
16.600026845932007,1,True
16.617676734924316,1,True
16.63684105873108,1,True
16.65350604057312,1,True
16.67241883277893,1,True
16.689655780792236,1,True
16.70781183242798,1,True
16.72428798675537,1,True
16.741461992263794,1,True
16.761991024017334,1,True
16.77866816520691,1,True
16.796140909194946,1,True
16.81352710723877,1,True
16.833441734313965,1,True
16.84928798675537,1,True
16.86739206314087,1,True
16.885690927505493,1,True
16.907582998275757,1,True
16.90800380706787,2,True
16.926113843917847,1,True
16.943779945373535,1,True
16.964055061340332,1,True
16.964316844940186,2,True
16.981575965881348,1,True
16.998589038848877,1,True
17.01765203475952,1,True
17.038030862808228,1,True
17.057986736297607,1,True
17.073200941085815,1,True
17.09039282798767,1,True
17.108649969100952,1,True
17.10927391052246,2,True
17.138470888137817,1,True
17.140191078186035,2,True
17.15601110458374,1,True
17.17272710800171,1,True
17.191447019577026,1,False
17.191833972930908,2,False
17.191953897476196,2,False
17.1922869682312,3,False
17.1923189163208,3,False
17.19234585762024,3,False
17.192996978759766,4,False
17.193028926849365,4,False
17.193054914474487,4,False
17.195024967193604,1,False
17.196692943572998,2,False
17.196774005889893,2,False
17.198837995529175,3,False
17.198972940444946,3,False
17.199103116989136,3,False
17.199816942214966,4,False
17.200767040252686,4,False
17.202569007873535,1,False
17.20284605026245,2,False
17.202878952026367,2,False
17.20320200920105,3,False
17.22221279144287,1,True
17.239004850387573,1,True
17.25657296180725,1,True
17.273788928985596,1,True
17.291993856430054,1,True
17.30972909927368,1,True
17.327576875686646,1,True
17.344013929367065,1,True
17.361475944519043,1,True
17.380414962768555,1,True
17.382251024246216,2,True
17.40137791633606,1,True
17.401920080184937,2,True
17.4205379486084,1,True
17.437206029891968,1,True
17.455817937850952,1,True
17.456119060516357,2,True
17.47371506690979,1,True
17.49279284477234,1,True
17.508177995681763,1,True
17.526696920394897,1,True
17.554306745529175,1,True
17.554626941680908,2,True
17.554665088653564,2,True
17.57254695892334,1,True
17.590051889419556,1,True
17.609472036361694,1,True
17.62757897377014,1,True
17.64838981628418,1,True
17.66771697998047,1,True
17.687405824661255,1,True
17.707376956939697,1,True
17.707664012908936,2,True
17.726321935653687,1,True
17.74378800392151,1,True
17.76126790046692,1,True
17.777915954589844,1,True
17.794655084609985,1,True
17.813520908355713,1,True
17.830919981002808,1,True
17.897507905960083,1,True
17.898149013519287,2,True
17.898186922073364,2,True
17.917581796646118,1,True
17.933241844177246,1,True
17.95271396636963,1,True
17.969499826431274,1,True
17.969745874404907,2,True
17.98725199699402,1,True
18.006093740463257,1,True
18.026793956756592,1,True
18.02723479270935,2,True
18.044559955596924,1,True
18.06356692314148,1,True
18.080549001693726,1,True
18.097922801971436,1,True
18.114353895187378,1,True
18.132193088531494,1,True
18.14975595474243,1,True
18.169232845306396,1,True
18.185933828353882,1,True
18.20546007156372,1,True
18.224402904510498,1,True
18.241586923599243,1,True
18.258644104003906,1,True
18.28680992126465,1,True
18.30630397796631,1,True
18.321388721466064,1,True
18.341384887695312,1,True
18.341851949691772,2,True
18.36303997039795,1,True
18.3822820186615,1,True
18.404414892196655,1,True
18.42346978187561,1,True
18.44198203086853,1,True
18.468617916107178,1,True
18.485859870910645,1,True
18.503535985946655,1,True
18.522974967956543,1,True
18.541730880737305,1,True
18.559823989868164,1,True
18.57628297805786,1,True
18.59506106376648,1,True
18.596137046813965,2,True
18.613735914230347,1,True
18.631983995437622,1,True
18.649736881256104,1,True
18.666676998138428,1,True
18.686995029449463,1,True
18.704308032989502,1,False
18.72153091430664,1,True
18.738452911376953,1,True
18.75587487220764,1,True
18.773437023162842,1,True
18.79013204574585,1,True
18.807674884796143,1,True
18.825053930282593,1,True
18.842983961105347,1,True
18.86160111427307,1,True
18.87907576560974,1,True
18.896450757980347,1,True
18.915823936462402,1,True
18.916441917419434,2,True
18.93412494659424,1,True
18.950747966766357,1,True
18.968353748321533,1,True
18.986464023590088,1,True
19.002843856811523,1,True
19.019736766815186,1,True
19.037739992141724,1,True
19.055808067321777,1,True
19.072759866714478,1,True
19.089311122894287,1,True
19.107549905776978,1,True
19.125972032546997,1,True
19.148247003555298,1,True
19.1491961479187,2,True
19.166298866271973,1,True
19.18438982963562,1,True
19.18464207649231,2,True
19.238301992416382,1,True
19.2388858795166,2,True
19.23892092704773,2,True
19.25598907470703,1,True
19.272531986236572,1,True
19.290318965911865,1,True
19.30804204940796,1,True
19.325925827026367,1,True
19.343399047851562,1,True
19.36184287071228,1,True
19.38231897354126,1,True
19.38279104232788,2,True
19.401087045669556,1,True
19.41675090789795,1,True
19.436314821243286,1,True
19.437102794647217,2,True
19.45439100265503,1,True
19.4725661277771,1,True
19.48916482925415,1,True
19.506497144699097,1,True
19.52449107170105,1,True
19.542124032974243,1,True
19.55924677848816,1,True
19.576315879821777,1,True
19.593560934066772,1,True
19.61076307296753,1,True
19.62754797935486,1,True
19.645716905593872,1,True
19.66430401802063,1,True
19.664697885513306,2,True
19.686738967895508,1,True
19.686975955963135,2,True
19.704936027526855,1,True
19.720781803131104,1,True
19.737695932388306,1,True
19.75556492805481,1,True
19.7724769115448,1,True
19.789366006851196,1,True
19.809786796569824,1,True
19.81036400794983,2,True
19.816364765167236,1,True
19.832828998565674,1,True
19.85004186630249,1,True
19.867500066757202,1,True
19.884506940841675,1,True
19.90413498878479,1,True
19.92460799217224,1,True
19.93993592262268,1,True
19.964137077331543,1,True
19.975791931152344,1,True
19.993643045425415,1,True
20.010512828826904,1,True
20.028328895568848,1,True
20.04486608505249,1,True
20.061898946762085,1,True
20.079802989959717,1,True
20.097505807876587,1,False
20.11601209640503,1,True
20.134477853775024,1,True
20.135629892349243,2,True
20.153460025787354,1,True
20.17024278640747,1,True
20.18806505203247,1,True
20.18831181526184,2,True
20.20584988594055,1,True
20.228039979934692,1,True
20.241559743881226,1,True
20.257832050323486,1,True
20.27550482749939,1,True
20.295597791671753,1,True
20.296916961669922,2,True
20.314505100250244,1,True
20.332156896591187,1,True
20.349498987197876,1,True
20.36635398864746,1,True
20.382757902145386,1,True
20.437115907669067,1,True
20.43781590461731,2,True
20.43784999847412,2,True
20.456816911697388,1,True
20.481833934783936,1,True
20.499725818634033,1,True
20.51751208305359,1,True
20.53646492958069,1,True
20.53693175315857,2,True
20.564770936965942,1,True
20.565473079681396,2,True
20.56733798980713,1,True
20.584316968917847,1,True
20.601945877075195,1,True
20.61761784553528,1,True
20.634966135025024,1,True
20.653421878814697,1,True
20.67201590538025,1,True
20.690279006958008,1,True
20.70659589767456,1,True
20.726346015930176,1,True
20.727235794067383,2,True
20.744956016540527,1,True
20.762171983718872,1,True
20.781253814697266,1,True
20.79811692237854,1,True
20.816252946853638,1,True
20.816680908203125,2,True
20.834701776504517,1,True
20.855765104293823,1,True
20.87183690071106,1,True
20.889123916625977,1,True
20.906240940093994,1,True
20.92913579940796,1,True
20.929621934890747,2,True
20.946756839752197,1,True
20.965571880340576,1,True
20.982166051864624,1,True
21.001839876174927,1,True
21.00247597694397,2,True
21.019426822662354,1,True
21.035789966583252,1,True
21.052979946136475,1,True
21.070010900497437,1,True
21.08672785758972,1,True
21.103513956069946,1,True
21.120428800582886,1,True
21.14070987701416,1,True
21.141783952713013,2,True
21.1597740650177,1,True
21.17592978477478,1,True
21.193685054779053,1,True
21.21485710144043,1,True
21.23231792449951,1,True
21.24903392791748,1,True
21.266098022460938,1,True
21.28364086151123,1,True
21.301952123641968,1,True
21.318894863128662,1,True
21.33592987060547,1,True
21.35352087020874,1,True
21.372381925582886,1,True
21.39046311378479,1,True
21.407341957092285,1,True
21.4249107837677,1,True
21.442266941070557,1,True
21.46003293991089,1,True
21.479166984558105,1,True
21.496866941452026,1,False
21.514400005340576,1,True
21.532727003097534,1,True
21.54940390586853,1,True
21.568346977233887,1,True
21.62187910079956,1,True
21.622907876968384,2,True
21.62294292449951,2,True
21.64143705368042,1,True
21.659191846847534,1,True
21.67687678337097,1,True
21.69409704208374,1,True
21.712223052978516,1,True
21.73121690750122,1,True
21.749876022338867,1,True
21.767168045043945,1,True
21.78615403175354,1,True
21.80184507369995,1,True
21.817727088928223,1,True
21.834401845932007,1,True
21.854047060012817,1,True
21.8700590133667,1,True
21.88835310935974,1,True
21.904712915420532,1,True
21.922016143798828,1,True
21.93917179107666,1,True
21.956746101379395,1,True
21.975791931152344,1,True
21.99298906326294,1,True
22.010327100753784,1,True
22.02677893638611,1,True
22.04413604736328,1,True
22.064546823501587,1,True
22.064936876296997,2,True
22.083642959594727,1,True
22.08406400680542,2,True
22.10240387916565,1,True
22.119354963302612,1,True
22.136481761932373,1,True
22.154752016067505,1,True
22.174793004989624,1,True
22.175644874572754,2,True
22.193063020706177,1,True
22.210460901260376,1,True
22.232614994049072,1,True
22.250306844711304,1,True
22.266470909118652,1,True
22.286918878555298,1,True
22.309327840805054,1,True
22.336989879608154,1,True
22.33752202987671,2,True
22.35448408126831,1,True
22.371912956237793,1,True
22.390193939208984,1,True
22.407294988632202,1,True
22.424356937408447,1,True
22.442172050476074,1,True
22.459823846817017,1,True
22.47825789451599,1,True
22.4786479473114,2,True
22.496667861938477,1,True
22.513669967651367,1,True
22.53270983695984,1,True
22.54961895942688,1,True
22.56662392616272,1,True
22.583565950393677,1,True
22.601635932922363,1,True
22.61956000328064,1,True
22.637531995773315,1,True
22.637839794158936,2,True
22.654813051223755,1,True
22.671895742416382,1,True
22.689504146575928,1,True
22.707499980926514,1,True
22.726452112197876,1,True
22.742520809173584,1,True
22.758972883224487,1,True
22.776548862457275,1,True
22.794023036956787,1,True
22.810593843460083,1,True
22.86711287498474,1,True
22.867588996887207,2,True
22.86762285232544,2,True
22.889117002487183,1,True
22.907964944839478,1,True
22.931594133377075,1,True
22.947674989700317,1,True
22.96701192855835,1,True
22.984238862991333,1,True
23.000436067581177,1,True
23.02026391029358,1,True
23.0205979347229,2,False
23.039751052856445,1,True
23.05729103088379,1,True
23.073762893676758,1,True
23.09160614013672,1,True
23.11207389831543,1,True
23.137099027633667,1,True
23.155976057052612,1,True
23.15675401687622,2,True
23.156851053237915,2,True
23.1765079498291,1,True
23.192139148712158,1,True
23.21518588066101,1,True
23.227556943893433,1,True
23.227834939956665,2,True
23.244842052459717,1,True
23.261638879776,1,True
23.279964923858643,1,True
23.298842906951904,1,True
23.31651782989502,1,True
23.33394479751587,1,True
23.354671955108643,1,True
23.37233805656433,1,True
23.38827085494995,1,True
23.410414934158325,1,True
23.48647689819336,1,True
23.487116813659668,2,True
23.48715901374817,2,True
23.488352060317993,3,True
23.505702018737793,1,True
23.521923780441284,1,True
23.539831161499023,1,True
23.559442043304443,1,True
23.57676911354065,1,True
23.593458890914917,1,True
23.612093925476074,1,True
23.6292507648468,1,True
23.646849155426025,1,True
23.665013074874878,1,True
23.681774854660034,1,True
23.699586153030396,1,True
23.71965193748474,1,True
23.720207929611206,2,True
23.720258951187134,2,True
23.73791003227234,1,True
23.75906991958618,1,True
23.775965929031372,1,True
23.823004007339478,1,True
23.826910972595215,2,True
23.843953847885132,1,True
23.863005876541138,1,True
23.880522966384888,1,True
23.89925193786621,1,True
23.915854930877686,1,True
23.9338960647583,1,True
23.958391189575195,1,True
23.95866298675537,2,True
23.975924015045166,1,True
23.99315595626831,1,True
24.01026701927185,1,True
24.033447980880737,1,True
24.03399085998535,2,True
24.034038066864014,2,True
24.05166482925415,1,True
24.069861888885498,1,True
24.086945056915283,1,True
24.10636591911316,1,True
24.106660842895508,2,True
24.1260187625885,1,True
24.14348602294922,1,True
24.161633014678955,1,True
24.162133932113647,2,True
24.181780099868774,1,True
24.18212103843689,2,True
24.198556900024414,1,True
24.216002941131592,1,True
24.234050750732422,1,True
24.254105806350708,1,True
24.2724609375,1,True
24.288782835006714,1,True
24.306144952774048,1,True
24.322396993637085,1,True
24.3398380279541,1,True
24.357100009918213,1,True
24.375582933425903,1,True
24.394487142562866,1,True
24.396692037582397,2,True
24.413038969039917,1,False
24.429499864578247,1,True
24.44681191444397,1,True
24.465621948242188,1,True
24.48256278038025,1,True
24.501391887664795,1,True
24.51835608482361,1,True
24.53506112098694,1,True
24.55393695831299,1,True
24.57268476486206,1,True
24.589423894882202,1,True
24.607216835021973,1,True
24.626405954360962,1,True
24.642008781433105,1,True
24.659292936325073,1,True
24.677000999450684,1,True
24.694127798080444,1,True
24.71268582344055,1,True
24.730039834976196,1,True
24.746883869171143,1,True
24.765836715698242,1,True
24.784719944000244,1,True
24.801620960235596,1,True
24.819775104522705,1,True
24.83658194541931,1,True
24.860591888427734,1,True
24.864628076553345,2,True
24.87837290763855,1,True
24.896265983581543,1,True
24.914891958236694,1,True
24.933254957199097,1,True
24.96438980102539,1,True
24.96496891975403,2,True
24.982380151748657,1,True
24.999337911605835,1,True
25.075019121170044,1,True
25.076151847839355,2,True
25.0761878490448,2,True
25.077242851257324,3,True
25.1006600856781,1,True
25.12361717224121,1,True
25.13885807991028,1,True
25.156385898590088,1,True
25.174299955368042,1,True
25.174580097198486,2,True
25.19226598739624,1,True
25.21043109893799,1,True
25.227664947509766,1,True
25.244863033294678,1,True
25.261859893798828,1,True
25.279680013656616,1,True
25.297502040863037,1,True
25.315937042236328,1,True
25.33389186859131,1,True
25.352174997329712,1,True
25.36771297454834,1,True
25.385730028152466,1,True
25.40148091316223,1,True
25.419386863708496,1,True
25.44180202484131,1,True
25.44213581085205,2,True
25.461756944656372,1,True
25.462137937545776,2,True
25.479124069213867,1,True
25.498523950576782,1,True
25.514398097991943,1,True
25.53378200531006,1,True
25.5519597530365,1,True
25.56891918182373,1,True
25.586045026779175,1,True
25.60309886932373,1,True
25.61991786956787,1,True
25.636387825012207,1,True
25.654594898223877,1,True
25.67206311225891,1,True
25.69257879257202,1,True
25.714689016342163,1,True
25.715635061264038,2,True
25.733760118484497,1,True
25.752466917037964,1,True
25.769470930099487,1,True
25.786001920700073,1,True
25.803327083587646,1,True
25.81998586654663,1,True
25.83721613883972,1,True
25.85381579399109,1,True
25.870578050613403,1,True
25.88807511329651,1,True
25.906344890594482,1,True
25.923868894577026,1,True
25.9426748752594,1,True
25.962662935256958,1,True
25.981581926345825,1,True
26.006340980529785,1,False
26.007056951522827,2,False
26.00756311416626,2,False
26.008588790893555,3,False
26.008627891540527,3,False
26.012532949447632,1,False
26.03221106529236,1,True
26.048228979110718,1,True
26.065732955932617,1,True
26.083432912826538,1,True
26.102158784866333,1,True
26.11832308769226,1,True
26.135820150375366,1,True
26.136375188827515,2,True
26.157215118408203,1,True
26.17411208152771,1,True
26.19289994239807,1,True
26.209712982177734,1,True
26.22879695892334,1,True
26.2446129322052,1,True
26.265032052993774,1,True
26.283554792404175,1,True
26.283869981765747,2,True
26.30164885520935,1,True
26.3556489944458,1,True
26.364240884780884,2,True
26.364292860031128,2,True
26.381782054901123,1,True
26.399073839187622,1,True
26.41941785812378,1,True
26.437555074691772,1,True
26.455715894699097,1,True
26.474265813827515,1,True
26.474602937698364,2,True
26.493122816085815,1,True
26.493360996246338,2,True
26.51142692565918,1,True
26.529858112335205,1,True
26.530637741088867,2,True
26.548038005828857,1,True
26.567168951034546,1,True
26.584254026412964,1,True
26.604161024093628,1,True
26.60495686531067,2,True
26.623365879058838,1,True
26.639726877212524,1,True
26.657623767852783,1,True
26.67583394050598,1,True
26.693111181259155,1,True
26.713456869125366,1,True
26.71429681777954,2,True
26.737874031066895,1,True
26.75589108467102,1,True
26.774805068969727,1,True
26.792777061462402,1,True
26.811267852783203,1,True
26.814773082733154,2,True
26.83388090133667,1,True
26.85122799873352,1,True
26.867985010147095,1,True
26.886722087860107,1,True
26.90365195274353,1,True
26.92216205596924,1,True
26.939131021499634,1,True
26.961953163146973,1,True
26.96553874015808,2,True
26.982139825820923,1,True
27.002156019210815,1,True
27.02197003364563,1,True
27.040143966674805,1,True
27.058295011520386,1,True
27.074212789535522,1,True
27.09219789505005,1,True
27.1094388961792,1,True
27.1269268989563,1,True
27.145995140075684,1,True
27.164916038513184,1,True
27.1826069355011,1,True
27.199389934539795,1,True
27.218061923980713,1,True
27.218329906463623,2,True
27.236332893371582,1,True
27.254737854003906,1,True
27.272729873657227,1,True
27.290045022964478,1,True
27.30982780456543,1,True
27.31072497367859,2,True
27.328475952148438,1,True
27.346128940582275,1,True
27.363934993743896,1,True
27.38223695755005,1,True
27.400057792663574,1,True
27.4181809425354,1,False
27.434744834899902,1,True
27.45313286781311,1,True
27.47081184387207,1,True
27.490190982818604,1,True
27.508112907409668,1,True
27.524953842163086,1,True
27.54246497154236,1,True
27.56066393852234,1,True
27.5795841217041,1,True
27.59611701965332,1,True
27.612919807434082,1,True
27.629658937454224,1,True
27.688284873962402,1,True
27.690308809280396,2,True
27.69034504890442,2,True
27.70791792869568,1,True
27.725201845169067,1,True
27.74198579788208,1,True
27.765790939331055,1,True
27.766226053237915,2,True
27.78352689743042,1,True
27.80108904838562,1,True
27.82148575782776,1,True
27.821762084960938,2,True
27.838428020477295,1,True
27.855984926223755,1,True
27.874469995498657,1,True
27.89280104637146,1,True
27.90976595878601,1,True
27.927331924438477,1,True
27.946197986602783,1,True
27.94722318649292,2,True
27.964104890823364,1,True
27.981879949569702,1,True
28.00756573677063,1,True
28.008671045303345,2,True
28.008713960647583,2,True
28.009196758270264,3,True
28.0274178981781,1,True
28.044490098953247,1,True
28.065876960754395,1,True
28.08224582672119,1,True
28.0992169380188,1,True
28.117130994796753,1,True
28.135050058364868,1,True
28.151818990707397,1,True
28.171783924102783,1,True
28.187859058380127,1,True
28.205148935317993,1,True
28.224884033203125,1,True
28.242947816848755,1,True
28.258652925491333,1,True
28.276397943496704,1,True
28.29483914375305,1,True
28.314040899276733,1,True
28.333005905151367,1,True
28.33344006538391,2,True
28.350593090057373,1,True
28.36845088005066,1,True
28.384649991989136,1,True
28.402827978134155,1,True
28.430109977722168,1,True
28.45005178451538,1,True
28.467790842056274,1,True
28.486331939697266,1,True
28.503330945968628,1,True
28.519588947296143,1,True
28.53761100769043,1,True
28.553778886795044,1,True
28.571176052093506,1,True
28.588156938552856,1,True
28.605783939361572,1,True
28.623758792877197,1,True
28.641841888427734,1,True
28.65965175628662,1,True
28.676181077957153,1,True
28.69711399078369,1,True
28.71864891052246,1,True
28.71916913986206,2,True
28.737693071365356,1,True
28.755831003189087,1,True
28.775635957717896,1,True
28.77601385116577,2,True
28.793123960494995,1,True
28.81073784828186,1,True
28.828551054000854,1,True
28.848524808883667,1,True
28.84928274154663,2,True
28.868072986602783,1,False
28.868502140045166,2,False
28.88780403137207,1,True
28.90571093559265,1,True
28.960301876068115,1,True
28.960716724395752,2,True
28.967336893081665,1,True
28.9824378490448,1,True
29.012152910232544,1,True
29.01330304145813,2,True
29.014691829681396,1,True
29.015660762786865,2,True
29.033427000045776,1,True
29.050119876861572,1,True
29.067919969558716,1,True
29.084601879119873,1,True
29.105973958969116,1,True
29.10627007484436,2,True
29.123892068862915,1,True
29.142201900482178,1,True
29.15971803665161,1,True
29.17799997329712,1,True
29.19554305076599,1,True
29.21211814880371,1,True
29.23376178741455,1,True
29.252717971801758,1,True
29.2709379196167,1,True
29.289757013320923,1,True
29.30978488922119,1,True
29.33367609977722,1,True
29.354317903518677,1,True
29.37405490875244,1,True
29.392343044281006,1,True
29.408284902572632,1,True
29.426840782165527,1,True
29.44464683532715,1,True
29.465925931930542,1,True
29.48403000831604,1,True
29.500624895095825,1,True
29.517620086669922,1,True
29.535537004470825,1,True
29.556962728500366,1,True
29.574257850646973,1,True
29.592437982559204,1,True
29.609014987945557,1,True
29.626621961593628,1,True
29.648437976837158,1,True
29.648871898651123,2,True
29.66739583015442,1,True
29.68376088142395,1,True
29.702131986618042,1,True
29.719948053359985,1,True
29.737688779830933,1,True
29.7555148601532,1,True
29.774712800979614,1,True
29.774956941604614,2,True
29.792919874191284,1,True
29.810402870178223,1,True
29.843670129776,1,True
29.84435796737671,2,True
29.86161994934082,1,True
29.878877878189087,1,True
29.896360874176025,1,True
29.912615060806274,1,True
29.930721044540405,1,True
29.98039674758911,1,True
29.98171901702881,2,True
29.983633041381836,1,True
30.00182294845581,1,True
30.018882751464844,1,True
30.036130905151367,1,True
30.054629802703857,1,True
30.07163095474243,1,True
30.090667963027954,1,True
30.108348846435547,1,True
30.126415967941284,1,True
30.143813848495483,1,True
30.160465002059937,1,True
30.177764892578125,1,True
30.19612693786621,1,True
30.213661909103394,1,True
30.232210874557495,1,True
30.252418041229248,1,True
30.32598090171814,1,True
30.326504945755005,2,True
30.326539993286133,2,True
30.327215909957886,3,True
30.34593391418457,1,True
30.36341881752014,1,True
30.381582975387573,1,True
30.400702953338623,1,False
30.419260025024414,1,True
30.43630075454712,1,True
30.456459045410156,1,True
30.476622819900513,1,True
30.49506688117981,1,True
30.51211977005005,1,True
30.52879786491394,1,True
30.546566009521484,1,True
30.564238786697388,1,True
30.58045482635498,1,True
30.597928047180176,1,True
30.616350889205933,1,True
30.633169889450073,1,True
30.649545907974243,1,True
30.66675901412964,1,True
30.68401598930359,1,True
30.70195198059082,1,True
30.71783995628357,1,True
30.736850023269653,1,True
30.75487184524536,1,True
30.77163076400757,1,True
30.790562868118286,1,True
30.809655904769897,1,True
30.8107750415802,2,True
30.82889986038208,1,True
30.847622871398926,1,True
30.86498999595642,1,True
30.88404417037964,1,True
30.90132784843445,1,True
30.91818404197693,1,True
30.936267137527466,1,True
30.954601049423218,1,True
30.972546100616455,1,True
30.99279808998108,1,True
31.008286952972412,1,True
31.025015830993652,1,True
31.04422879219055,1,True
31.06676983833313,1,True
31.084160089492798,1,True
31.10488772392273,1,True
31.12378191947937,1,True
31.142029762268066,1,True
31.1589457988739,1,True
31.177146911621094,1,True
31.19803810119629,1,True
31.220125913619995,1,True
31.238679885864258,1,True
31.25929284095764,1,True
31.277238130569458,1,True
31.293575048446655,1,True
31.311532735824585,1,True
31.333786964416504,1,True
31.35265803337097,1,True
31.369611024856567,1,True
31.391831874847412,1,True
31.392632961273193,2,True
31.409666776657104,1,True
31.426199913024902,1,True
31.443318128585815,1,True
31.46201205253601,1,True
31.46393084526062,2,True
31.48244595527649,1,True
31.49957299232483,1,True
31.518083810806274,1,True
31.535253047943115,1,True
31.553000926971436,1,True
31.57197380065918,1,True
31.572577714920044,2,True
31.58931803703308,1,True
31.609215021133423,1,True
31.609527826309204,2,True
31.627061128616333,1,True
31.673282861709595,1,True
31.673759937286377,2,True
31.693176746368408,1,True
31.713774919509888,1,True
31.714262008666992,2,True
31.73091697692871,1,True
31.747730016708374,1,True
31.76734685897827,1,True
31.784019947052002,1,True
31.80292582511902,1,True
31.820401906967163,1,True
31.847206830978394,1,True
31.86594581604004,1,True
31.88242793083191,1,True
31.89894676208496,1,True
31.918060064315796,1,True
31.93643593788147,1,True
31.955809116363525,1,True
31.971446990966797,1,True
31.989717960357666,1,True
32.00785684585571,1,False
32.02460980415344,1,True
32.04289102554321,1,True
32.05943512916565,1,True
32.076870918273926,1,True
32.0959198474884,1,True
32.09709906578064,2,True
32.11377000808716,1,True
32.133991956710815,1,True
32.154618978500366,1,True
32.155174016952515,2,True
32.17361783981323,1,True
32.19342088699341,1,True
32.21029496192932,1,True
32.23837184906006,1,True
32.25507092475891,1,True
32.27389597892761,1,True
32.29082989692688,1,True
32.309369802474976,1,True
32.32767701148987,1,True
32.36026096343994,1,True
32.365882873535156,1,True
32.38243007659912,1,True
32.40174388885498,1,True
32.40216088294983,2,True
32.423166036605835,1,True
32.42432379722595,2,True
32.4448447227478,1,True
32.44709086418152,2,True
32.46230101585388,1,True
32.48217511177063,1,True
32.49937200546265,1,True
32.52056884765625,1,True
32.535115003585815,1,True
32.55738806724548,1,True
32.55762696266174,2,True
32.57605791091919,1,True
32.593034982681274,1,True
32.610222816467285,1,True
32.627496004104614,1,True
32.65124797821045,1,True
32.65188789367676,2,True
32.65193510055542,2,True
32.652491092681885,3,True
32.65312695503235,3,True
32.67177772521973,1,True
32.68920302391052,1,True
32.707042932510376,1,True
32.72576379776001,1,True
32.74319791793823,1,True
32.76017212867737,1,True
32.77806282043457,1,True
32.7946560382843,1,True
32.81257891654968,1,True
32.83045291900635,1,True
32.84945893287659,1,True
32.86793088912964,1,True
32.88491606712341,1,True
32.90504503250122,1,True
32.90552616119385,2,True
32.923993825912476,1,True
32.94324493408203,1,True
32.96031594276428,1,True
32.981943130493164,1,True
32.99830102920532,1,True
33.015822887420654,1,True
33.037102937698364,1,True
33.053637981414795,1,True
33.07269787788391,1,True
33.09417200088501,1,True
33.11071491241455,1,True
33.17872595787048,1,True
33.178999185562134,2,True
33.181145906448364,1,True
33.181631088256836,2,True
33.18167185783386,2,True
33.18208599090576,3,True
33.18213200569153,3,True
33.18216609954834,3,True
33.19842195510864,1,True
33.21617388725281,1,True
33.2336220741272,1,True
33.25336289405823,1,True
33.26952409744263,1,True
33.287683963775635,1,True
33.30520510673523,1,True
33.32603096961975,1,True
33.34506797790527,1,False
33.361932039260864,1,True
33.37944793701172,1,True
33.39658188819885,1,True
33.414002895355225,1,True
33.436667919158936,1,True
33.45207595825195,1,True
33.468806982040405,1,True
33.48755884170532,1,True
33.506096839904785,1,True
33.523136138916016,1,True
33.53935098648071,1,True
33.556983947753906,1,True
33.57485389709473,1,True
33.59294080734253,1,True
33.60949683189392,1,True
33.628395080566406,1,True
33.646042823791504,1,True
33.64643692970276,2,True
33.66581416130066,1,True
33.666314125061035,2,True
33.68578481674194,1,True
33.70468091964722,1,True
33.72183394432068,1,True
33.739428997039795,1,True
33.75602889060974,1,True
33.773459911346436,1,True
33.79419803619385,1,True
33.809865951538086,1,True
33.82647514343262,1,True
33.84376001358032,1,True
33.86183190345764,1,True
33.88628101348877,1,True
33.90810990333557,1,True
33.92390990257263,1,True
33.94063591957092,1,True
33.95870280265808,1,True
33.97703409194946,1,True
33.99282097816467,1,True
34.010660886764526,1,True
34.02647876739502,1,True
34.04396080970764,1,True
34.06163191795349,1,True
34.0801317691803,1,True
34.09717392921448,1,True
34.115917921066284,1,True
34.13290596008301,1,True
34.15214705467224,1,True
34.16798496246338,1,True
34.18463492393494,1,True
34.20220494270325,1,True
34.220778942108154,1,True
34.22203707695007,2,True
34.23859786987305,1,True
34.25811195373535,1,True
34.25951099395752,2,True
34.2768440246582,1,True
34.294410943984985,1,True
34.312463998794556,1,True
34.32934880256653,1,True
34.34714078903198,1,True
34.366498947143555,1,True
34.383373737335205,1,True
34.40044689178467,1,True
34.4176299571991,1,True
34.43471097946167,1,True
34.45319890975952,1,True
34.470799922943115,1,True
34.5495228767395,1,True
34.55035591125488,2,True
34.55039095878601,2,True
34.55088996887207,3,True
34.5945029258728,1,True
34.59643793106079,2,True
34.61180400848389,1,True
34.6340868473053,1,True
34.64841294288635,1,True
34.66772198677063,1,True
34.685012102127075,1,True
34.70237708091736,1,True
34.71920990943909,1,True
34.736032009124756,1,True
34.7561399936676,1,True
34.7751739025116,1,True
34.79275178909302,1,True
34.80973696708679,1,True
34.8286509513855,1,True
34.84449481964111,1,True
34.861896991729736,1,True
34.878741979599,1,True
34.896546840667725,1,True
34.91558289527893,1,True
34.915945053100586,2,True
34.933008909225464,1,True
34.94977903366089,1,False
34.969724893569946,1,True
34.986629009246826,1,True
35.00599694252014,1,True
35.02462387084961,1,True
35.0429949760437,1,True
35.068767070770264,1,True
35.0860538482666,1,True
35.10379195213318,1,True
35.12185502052307,1,True
35.139667987823486,1,True
35.15699005126953,1,True
35.17956209182739,1,True
35.18024396896362,2,True
35.19939303398132,1,True
35.21636414527893,1,True
35.23391604423523,1,True
35.23418402671814,2,True
35.255194902420044,1,True
35.273188829422,1,True
35.29237675666809,1,True
35.2963547706604,1,True
35.314054012298584,1,True
35.333051919937134,1,True
35.352144956588745,1,True
35.35264801979065,2,True
35.372174978256226,1,True
35.38765597343445,1,True
35.406846046447754,1,True
35.42594599723816,1,True
35.4443199634552,1,True
35.46132683753967,1,True
35.47871994972229,1,True
35.49752998352051,1,True
35.514500856399536,1,True
35.532681941986084,1,True
35.550379037857056,1,True
35.56666612625122,1,True
35.58460974693298,1,True
35.60162901878357,1,True
35.618759870529175,1,True
35.636327028274536,1,True
35.65254878997803,1,True
35.67003297805786,1,True
35.68962478637695,1,True
35.70777082443237,1,True
35.73341608047485,1,True
35.73382496833801,2,True
35.7504940032959,1,True
35.769567012786865,1,True
35.78661108016968,1,True
35.80463480949402,1,True
35.82352113723755,1,True
